[0.39137218 0.         0.47640007],[0.55400508 0.12366852 0.55899885],[0.61900451 0.27437486 0.57222647],[0.62578986 0.40579813 0.56395779],[0.58135648 0.50125514 0.55544242],[0.66591453 0.44692967 0.51625091],[0.64967035 0.63424725 0.5255373 ],[0.59342959 0.61809595 0.54009156],[0.56686022 0.55915933 0.5497426 ],[0.59125868 0.49178166 0.46572565],[0.54600398 0.69125983 0.49300126],[0.4942862  0.65565967 0.51156053],[0.4760402  0.58177269 0.51314771],[0.49419984 0.50021136 0.42336929],[0.43976343 0.68013574 0.46325031],[0.40792919 0.63162281 0.492207  ],[0.40656537 0.54856804 0.49319055],[0.39534204 0.48130709 0.38604915],[0.33857416 0.61274126 0.43596763],[0.32516608 0.56773575 0.47426063],[0.33746805 0.49367526 0.48962233]
[0.32783362 0.         0.44773021],[0.52289821 0.12230482 0.54324258],[0.59401757 0.26069613 0.56597844],[0.59782861 0.38462664 0.56671229],[0.56002918 0.4819597  0.56846661],[0.65770219 0.40104378 0.50514402],[0.68867619 0.571823   0.5252157 ],[0.64688127 0.5949382  0.55407149],[0.61432338 0.55872623 0.57748751],[0.58329882 0.47746054 0.4538206 ],[0.5903282  0.69109884 0.48546666],[0.53983456 0.65954207 0.5149997 ],[0.5130548  0.5757877  0.53267788],[0.47991083 0.52154352 0.41232468],[0.45670169 0.6972274  0.46017442],[0.41997808 0.63573213 0.49598893],[0.41044171 0.54789947 0.50690292],[0.36657289 0.52874261 0.37657135],[0.31968065 0.66193628 0.43449988],[0.30308306 0.6052082  0.47566992],[0.30692449 0.52170275 0.49685421]
[0.30679999 0.         0.54434152],[0.4895139  0.02558224 0.58230987],[0.58859804 0.12430623 0.5785505 ],[0.60641708 0.2542024  0.56401379],[0.58083015 0.36225067 0.55149898],[0.65983153 0.34789831 0.51693109],[0.73055643 0.56343236 0.50353628],[0.68979638 0.61990803 0.51273193],[0.64315827 0.59554203 0.52425249],[0.56036755 0.45330161 0.48167624],[0.60345336 0.6939079  0.47845249],[0.55549073 0.68790233 0.49461723],[0.52049718 0.61420871 0.50752772],[0.44252407 0.50909104 0.4529261 ],[0.46882536 0.71659829 0.4560294 ],[0.43437025 0.68666422 0.48004718],[0.41325906 0.60985626 0.49377398],[0.32281076 0.52060092 0.42743769],[0.30764998 0.68159177 0.43028893],[0.28989923 0.71795515 0.45059226],[0.28535068 0.71519955 0.46846433]
[0.33191288 0.         0.47916928],[0.51289612 0.09267934 0.54198254],[0.59381005 0.22575172 0.55810178],[0.59874143 0.35471021 0.55740715],[0.56373169 0.45960812 0.55808767],[0.65263666 0.37246875 0.51906225],[0.69525196 0.54054072 0.52160667],[0.6502335  0.59723058 0.53509029],[0.60629128 0.59180258 0.54907272],[0.57613799 0.45255016 0.47768587],[0.59825651 0.66543545 0.48968723],[0.53789367 0.68726444 0.50245955],[0.49353937 0.65077973 0.51463223],[0.47669176 0.49859292 0.44210024],[0.46086997 0.68714523 0.46185122],[0.41699474 0.67352063 0.48244701],[0.40039878 0.62072184 0.4936455 ],[0.36979469 0.50802786 0.41044825],[0.33580255 0.63210482 0.44030067],[0.31528976 0.61750036 0.47135436],[0.31282463 0.57156455 0.49380751]
[0.34630935 0.         0.47529041],[0.53072412 0.11123688 0.54188315],[0.59416538 0.27315794 0.55672792],[0.58570482 0.40203851 0.5569285 ],[0.55959638 0.49447676 0.55822526],[0.65531955 0.41104595 0.50166538],[0.70906796 0.62260957 0.5113889 ],[0.66250508 0.63588596 0.53399841],[0.62531543 0.57938393 0.55662785],[0.56379097 0.48959916 0.45924736],[0.57819562 0.70759529 0.48513578],[0.5298861  0.65142127 0.5137681 ],[0.51422921 0.54825516 0.53310024],[0.45372057 0.5260079  0.42380223],[0.45022143 0.71027396 0.46624641],[0.42157703 0.63116067 0.50170308],[0.41661263 0.52947811 0.51442446],[0.33974266 0.52650982 0.39162775],[0.32457795 0.62008801 0.43903642],[0.31659397 0.55304282 0.47820303],[0.32214379 0.47673233 0.50096936]
[0.39590707 0.         0.47433997],[0.57153578 0.09724693 0.54293792],[0.64049813 0.24032192 0.56433256],[0.63740554 0.38681442 0.57308684],[0.59749499 0.49192668 0.58265555],[0.65730012 0.42026343 0.49055612],[0.68506001 0.65836752 0.50178403],[0.64488003 0.69488137 0.53279694],[0.60976157 0.65915151 0.56057708],[0.55498848 0.47369837 0.45332882],[0.54880879 0.72839109 0.46823511],[0.51435464 0.69155058 0.50504084],[0.50173827 0.606489   0.53370346],[0.44572964 0.4838272  0.42414538],[0.41779442 0.68605688 0.45318488],[0.4031445  0.62327132 0.49336046],[0.40703221 0.54120058 0.51460329],[0.34178946 0.45638934 0.39973373],[0.30335857 0.58264384 0.44189789],[0.30348432 0.52531903 0.48211865],[0.31793347 0.45218899 0.50758048]
[0.47012014 0.         0.540216  ],[0.61465931 0.09260962 0.5759812 ],[0.68356548 0.22401025 0.57666707],[0.66474054 0.34463494 0.56898452],[0.61525647 0.41481293 0.5599516 ],[0.64547289 0.45521748 0.50378707],[0.64858624 0.7054867  0.48922276],[0.61340447 0.76085773 0.49588997],[0.58673335 0.72297249 0.50801453],[0.53656528 0.49103771 0.47315907],[0.50600827 0.74759473 0.47598906],[0.48318372 0.74137142 0.50081216],[0.48090288 0.66690218 0.5184506 ],[0.43488278 0.47075595 0.44838372],[0.39239668 0.67276171 0.46078598],[0.39337034 0.63125224 0.48863123],[0.40730744 0.54640083 0.50155173],[0.34895459 0.41101558 0.42612943],[0.30922287 0.5190228  0.43925441],[0.32186891 0.47657021 0.46493105],[0.34279734 0.4047125  0.48320683]
[0.53191532 0.         0.53606597],[0.66498926 0.1228979  0.55597555],[0.71759736 0.27111876 0.55057051],[0.70826448 0.36980492 0.53739782],[0.6801663  0.41347508 0.52586775],[0.62475202 0.4807629  0.51134538],[0.57803746 0.75291366 0.48659016],[0.57537602 0.7341224  0.47836848],[0.57626717 0.64738006 0.4811139 ],[0.51260389 0.47807971 0.48741018],[0.46900679 0.72809778 0.47726272],[0.47937919 0.69154503 0.48645903],[0.49231038 0.6017742  0.49517594],[0.41867411 0.44003253 0.46607757],[0.37693671 0.65638409 0.47117449],[0.38799454 0.6265198  0.49774535],[0.403254   0.55211678 0.51365348],[0.34816507 0.37799171 0.44557633],[0.3119904  0.54943583 0.46627733],[0.31635742 0.53241068 0.50230906],[0.3259621  0.47313617 0.52758301]
[0.57776637 0.         0.58269031],[0.70272966 0.11257331 0.56309866],[0.75020508 0.24121034 0.52836825],[0.75063122 0.32994891 0.49534306],[0.73858256 0.376177   0.46346032],[0.6587531  0.47812559 0.49043992],[0.5916994  0.75696919 0.46166166],[0.5631568  0.77858289 0.455672  ],[0.54795407 0.73330236 0.45831449],[0.53394435 0.46231632 0.48567042],[0.46406744 0.7107045  0.47374045],[0.45522862 0.70997074 0.47874038],[0.45697849 0.6555243  0.47894111],[0.42632466 0.41835052 0.48450028],[0.35530876 0.62752287 0.48967406],[0.35719603 0.62910891 0.5105558 ],[0.36832503 0.57940665 0.5183148 ],[0.34544453 0.35698244 0.48207434],[0.28373804 0.51946542 0.50432604],[0.28013852 0.53060487 0.53684231],[0.29182727 0.49315287 0.55757133]
[0.50727864 0.         0.47120828],[0.63563659 0.108293   0.49351576],[0.699129   0.25727445 0.50464778],[0.74084344 0.35816889 0.50982107],[0.78566454 0.39694225 0.51502948],[0.61921995 0.47018952 0.48806367],[0.59405183 0.68860375 0.49526277],[0.57381588 0.80509512 0.50123783],[0.55934056 0.88164177 0.50768231],[0.51340962 0.47529722 0.47746975],[0.46319251 0.68138253 0.50458823],[0.45853086 0.77574579 0.51788852],[0.46684896 0.83074518 0.5218286 ],[0.41867933 0.44065743 0.4694089 ],[0.37100732 0.57476515 0.50008578],[0.37878527 0.56354306 0.5136694 ],[0.39513134 0.51955887 0.51712513],[0.34556536 0.38675099 0.46203972],[0.31302764 0.45422707 0.49182974],[0.32265824 0.43731885 0.51234181],[0.33818309 0.3937991  0.52525546]
[0.43855053 0.         0.53177752],[0.57692517 0.10472929 0.54847119],[0.62193751 0.27136353 0.54659271],[0.59366005 0.40619236 0.54219814],[0.54362411 0.48646624 0.53734587],[0.62281899 0.34359826 0.48925273],[0.65378963 0.57847937 0.47063256],[0.64670318 0.70512026 0.46844265],[0.63116034 0.78673785 0.4730466 ],[0.52660953 0.39092835 0.47544837],[0.52116321 0.6306664  0.47518527],[0.50856411 0.72251171 0.48668819],[0.49781881 0.76046758 0.49666864],[0.43023859 0.40876442 0.4670692 ],[0.4192283  0.6024071  0.48056818],[0.42641163 0.65639803 0.50096704],[0.43205086 0.66325899 0.51292438],[0.34760803 0.40105053 0.4593586 ],[0.34417179 0.51618285 0.48459738],[0.35482338 0.53807253 0.51503686],[0.36214224 0.52660434 0.53772792]
[0.26966579 0.         0.57215798],[0.43312426 0.06904454 0.59068386],[0.52753849 0.22133143 0.5827064 ],[0.55528976 0.37974255 0.57069946],[0.54209677 0.50207381 0.55930786],[0.57742013 0.26499603 0.52162562],[0.68066596 0.46342433 0.48374384],[0.7176126  0.60533381 0.46511206],[0.72897254 0.71150642 0.45898264],[0.49231579 0.34005628 0.49536253],[0.57345355 0.59679607 0.4756703 ],[0.60077986 0.75585336 0.47082023],[0.6053441  0.8535039  0.46908068],[0.39451425 0.39607239 0.47431888],[0.45224767 0.64830822 0.46310111],[0.48009177 0.73323654 0.46995085],[0.49440623 0.75729279 0.47582949],[0.29729138 0.42798825 0.45517606],[0.33847735 0.58406842 0.4592978 ],[0.36292118 0.603769   0.48306005],[0.37577059 0.58560189 0.50331229]
[0.45852555 0.         0.41767076],[0.46576826 0.18734845 0.32155413],[0.48373423 0.38058843 0.31993843],[0.48576648 0.5521223  0.34030736],[0.48223091 0.69069525 0.36990802],[0.60813575 0.43205914 0.43327708],[0.60473161 0.63429571 0.46115746],[0.54665848 0.71485575 0.46755613],[0.4914379  0.75578902 0.4732229 ],[0.57993858 0.40745904 0.50433596],[0.57372656 0.59036747 0.54364203],[0.51858885 0.66193157 0.53531254],[0.46003404 0.68993906 0.52466128],[0.54001852 0.37373158 0.56523426],[0.51208549 0.50989418 0.59602049],[0.46216018 0.56022802 0.57058883],[0.40954482 0.5738459  0.5485185 ],[0.49706853 0.34470441 0.61782413],[0.48047705 0.44421773 0.6407207 ],[0.44119535 0.48869693 0.62897865],[0.39817285 0.50723004 0.61957035]
[0.2017706  0.         0.63623943],[0.38140449 0.02040416 0.63190792],[0.51667988 0.16490093 0.60731827],[0.5762533  0.35200843 0.58575003],[0.59812448 0.50250247 0.56201516],[0.54211117 0.19765988 0.52740924],[0.68878984 0.38653874 0.47678302],[0.74555716 0.53971591 0.45486751],[0.77349083 0.66406254 0.4471039 ],[0.46332671 0.28661599 0.50627555],[0.59524385 0.54395736 0.46697172],[0.64886781 0.72262482 0.45104567],[0.6749407  0.85688472 0.44225242],[0.36672432 0.36068262 0.491018  ],[0.44992538 0.62613174 0.45771417],[0.48324145 0.78904082 0.44394967],[0.49935634 0.9063573  0.4369261 ],[0.26440415 0.41506494 0.47901495],[0.32375584 0.61060254 0.45927973],[0.34627358 0.73037979 0.46442971],[0.35975814 0.82386429 0.47172784]
[0.27558161 0.         0.58129602],[0.42818712 0.10010704 0.59495985],[0.51247557 0.2365725  0.58633278],[0.53382493 0.37355516 0.57308448],[0.52470594 0.46862459 0.5591446 ],[0.54847164 0.26166135 0.54150587],[0.66580066 0.43479903 0.50425877],[0.72321458 0.55725559 0.48806884],[0.75677797 0.658811   0.48154657],[0.47821866 0.32950158 0.51399393],[0.57852195 0.55620739 0.48225124],[0.62391452 0.70913845 0.46703995],[0.6503945  0.82413801 0.45956471],[0.39279666 0.37626433 0.48925013],[0.46002412 0.59223055 0.46126575],[0.48897971 0.73437193 0.44787523],[0.5109025  0.83939954 0.44193604],[0.30192309 0.40267429 0.46697599],[0.33151701 0.57758742 0.45152593],[0.34851923 0.68771037 0.45227409],[0.36524803 0.7793899  0.45584923]
[0.31593535 0.         0.6273091 ],[0.44589186 0.09125602 0.62411343],[0.52160183 0.22871792 0.60198961],[0.53279825 0.36800305 0.57698044],[0.51358195 0.46336359 0.55030681],[0.56773888 0.26468504 0.55293585],[0.66906678 0.44409579 0.49990548],[0.72083349 0.56524262 0.47060545],[0.75793704 0.66116171 0.45433362],[0.49845184 0.31594914 0.52460203],[0.57947554 0.56883265 0.47694548],[0.6162295  0.73103751 0.45243185],[0.63775085 0.84881913 0.43908204],[0.40896509 0.3499009  0.49902004],[0.45319472 0.60510183 0.4578302 ],[0.47203816 0.760397   0.44127851],[0.48638836 0.87335808 0.43374422],[0.31252458 0.36386289 0.4745933 ],[0.32107726 0.55494147 0.44712783],[0.32978345 0.67274339 0.44593184],[0.33873524 0.76853027 0.44893287]
[0.32437908 0.         0.54643098],[0.45338924 0.12595958 0.58520685],[0.52603767 0.27123055 0.58390622],[0.54835988 0.39860623 0.57249419],[0.54029959 0.50384593 0.55877732],[0.56183046 0.29466161 0.54311225],[0.62716171 0.45372558 0.51503293],[0.66361231 0.58511243 0.49115617],[0.6860408  0.69263861 0.47672236],[0.51617187 0.337931   0.50842412],[0.55255459 0.5358495  0.49270955],[0.57443959 0.68223021 0.47729371],[0.58108735 0.79549805 0.46577768],[0.44885111 0.37161773 0.47845639],[0.46918605 0.57249838 0.46696937],[0.47930327 0.70968092 0.46084629],[0.47926799 0.8094688  0.4564842 ],[0.36559377 0.38899587 0.45219466],[0.3710907  0.55823378 0.44793899],[0.36984341 0.66569834 0.45595846],[0.36149955 0.74651691 0.4641073 ]
[0.34817713 0.         0.57862992],[0.47960645 0.12502006 0.60333332],[0.54395807 0.26130585 0.59260019],[0.55074207 0.38042139 0.57392231],[0.52498076 0.47013434 0.55353406],[0.58433354 0.3032684  0.54578072],[0.66824816 0.4789635  0.50519882],[0.67953626 0.61216656 0.48079209],[0.66733534 0.71010964 0.47045748],[0.52356796 0.33980593 0.51259468],[0.58588728 0.56005586 0.48460904],[0.58916239 0.7032385  0.47059536],[0.57335352 0.79836885 0.46354597],[0.44390126 0.36221929 0.48270131],[0.46763646 0.58232636 0.46422759],[0.46125435 0.71415138 0.45784448],[0.44684209 0.79894787 0.45454582],[0.351277   0.36821809 0.45497228],[0.3446368  0.54387224 0.4445026 ],[0.3371552  0.65326867 0.44936931],[0.32840794 0.73413722 0.45624265]
[0.3498808  0.         0.57337744],[0.48439841 0.08916296 0.59752381],[0.55393685 0.2260525  0.58999195],[0.56578389 0.35082316 0.57630608],[0.54376524 0.44548902 0.5618956 ],[0.59316018 0.28525592 0.53786896],[0.68041017 0.4670008  0.49849752],[0.68531289 0.59593633 0.48102794],[0.66106807 0.67371625 0.47781826],[0.52166438 0.33750444 0.50739119],[0.57936435 0.58844379 0.4772417 ],[0.57623692 0.73369283 0.47041085],[0.55303155 0.81775284 0.47236908],[0.4351467  0.36620666 0.48000495],[0.46543356 0.60769712 0.45804181],[0.4589936  0.744626   0.45917106],[0.4429489  0.82979759 0.46408937],[0.33915845 0.37309902 0.45561556],[0.33853205 0.55441571 0.44348413],[0.33729692 0.66579704 0.45279622],[0.33447612 0.74753001 0.46507652]
[0.34560372 0.         0.62170169],[0.48073785 0.08575842 0.64425055],[0.55812108 0.23222334 0.62885354],[0.57606768 0.36759715 0.61051075],[0.55252961 0.47730573 0.59196325],[0.60579881 0.27010653 0.54133131],[0.69142538 0.45085422 0.48686224],[0.69379328 0.58155415 0.47083016],[0.66766631 0.66060654 0.4711594 ],[0.52693644 0.3106149  0.50665047],[0.58070527 0.59615708 0.45280105],[0.57007534 0.74619468 0.45019932],[0.54405674 0.82273878 0.46010826],[0.4279448  0.33802777 0.47697067],[0.45256967 0.61458997 0.43404025],[0.44605154 0.75906653 0.43977002],[0.436794   0.83981157 0.4531084 ],[0.31992247 0.34955179 0.45190957],[0.32910689 0.56144462 0.42540589],[0.34066294 0.67784694 0.43366022],[0.35343017 0.7579493  0.44791299]
[0.27809223 0.         0.58954093],[0.42854552 0.04841027 0.63253014],[0.52486645 0.18378014 0.62394019],[0.56126077 0.33243708 0.60728344],[0.55202404 0.45442497 0.58909304],[0.58529093 0.22046676 0.53819745],[0.6650151  0.43382736 0.50178309],[0.66883312 0.57026281 0.49320312],[0.65143806 0.66501799 0.49430365],[0.51723799 0.29064328 0.49610207],[0.59568814 0.57013587 0.46585066],[0.60141545 0.72829215 0.46847157],[0.5885779  0.82654276 0.47508397],[0.42317979 0.34630935 0.46087822],[0.47577026 0.62148957 0.4370481 ],[0.48794925 0.77722821 0.44311146],[0.48983584 0.87461239 0.44950755],[0.31483534 0.38606925 0.43184442],[0.3409815  0.60508147 0.42217362],[0.3632031  0.73501458 0.43437376],[0.38595922 0.82995376 0.44567952]
[0.59691854 0.         0.49333356],[0.50113578 0.11823512 0.45855249],[0.45672199 0.29431908 0.45559745],[0.43003674 0.44639508 0.45693407],[0.3978913  0.56026408 0.46531384],[0.58481944 0.44438397 0.49606736],[0.52325805 0.63904449 0.48559572],[0.44176555 0.65395711 0.47298129],[0.38227049 0.62790143 0.46745248],[0.61457627 0.44268133 0.51433956],[0.54536352 0.62994195 0.51172305],[0.46396044 0.64082454 0.49957053],[0.4033515  0.61751217 0.48949339],[0.618976   0.43066505 0.52745979],[0.54711417 0.60091731 0.52656105],[0.47591131 0.61379781 0.51593952],[0.422464   0.59338538 0.50697114],[0.60739603 0.41551956 0.53709271],[0.55368045 0.55918321 0.54003686],[0.49131426 0.59031499 0.53945208],[0.44107417 0.58075634 0.53953205]
[0.33979593 0.         0.58513135],[0.46908261 0.08727561 0.59801839],[0.54571261 0.22947916 0.5842703 ],[0.55463079 0.36483281 0.56418621],[0.5303543  0.46507376 0.54434017],[0.5935295  0.2841605  0.54529293],[0.66519856 0.48336997 0.50323406],[0.66132856 0.60416871 0.48168305],[0.63871703 0.68609083 0.47342543],[0.51983632 0.33527068 0.51523936],[0.58902033 0.57692201 0.48217446],[0.58840809 0.71394547 0.46817493],[0.56973871 0.79756861 0.46226366],[0.42909134 0.36727156 0.48697241],[0.46707734 0.59961432 0.46253741],[0.46434782 0.72602986 0.45696921],[0.45459178 0.80533015 0.45538286],[0.33316302 0.38105376 0.46027621],[0.3521921  0.56173601 0.4499676 ],[0.36264815 0.67263763 0.45666872],[0.3715351  0.75816859 0.46379126]
[0.36233018 0.         0.66267986],[0.49933245 0.08823686 0.67228672],[0.59931352 0.25549061 0.64476582],[0.61929548 0.42359798 0.61658972],[0.58735874 0.55350934 0.58673187],[0.63552574 0.28148994 0.54488908],[0.70509141 0.50516841 0.48557474],[0.68253191 0.62375804 0.46352369],[0.64580059 0.70294285 0.45460953],[0.54114422 0.30511764 0.50893057],[0.59662003 0.60224675 0.4517887 ],[0.57861455 0.75814345 0.44062309],[0.55057344 0.86638226 0.43679305],[0.42634627 0.31349265 0.47972679],[0.44059806 0.58820354 0.42911023],[0.4168844  0.73344888 0.42514759],[0.39774008 0.838681   0.42558923],[0.30168196 0.30479511 0.45556493],[0.30243496 0.4957925  0.42700105],[0.3028048  0.59344992 0.43871069],[0.30797721 0.66605227 0.44936305]
[0.35352956 0.         0.70626886],[0.33599495 0.19334727 0.69459314],[0.34135931 0.45740275 0.64697244],[0.34309427 0.66662218 0.60295058],[0.30276049 0.82155998 0.55631246],[0.50108572 0.23431054 0.5299626 ],[0.59153434 0.52890083 0.46204491],[0.56677418 0.69619909 0.44175469],[0.53237369 0.8056972  0.43614366],[0.52600453 0.15205901 0.50513315],[0.58431561 0.50992128 0.43583944],[0.55477538 0.71148184 0.426574  ],[0.52282123 0.84528889 0.42101047],[0.53321473 0.12045117 0.48826527],[0.5770602  0.48142765 0.43178269],[0.55229237 0.68406722 0.43543825],[0.52527182 0.81348827 0.44021483],[0.53053894 0.11966472 0.47459625],[0.58393348 0.39792395 0.44502281],[0.57901863 0.57233687 0.45586999],[0.56224659 0.68784931 0.46324953]
[0.66425679 0.         0.45197104],[0.5278252  0.07617432 0.40496101],[0.44282635 0.27087448 0.41369401],[0.39729924 0.4336963  0.43330352],[0.37782081 0.5700438  0.46453482],[0.57941359 0.45964172 0.4623273 ],[0.51376409 0.65898318 0.47156548],[0.4339974  0.67469664 0.47614839],[0.38057447 0.64582643 0.48253804],[0.61693202 0.46149101 0.49803899],[0.53917323 0.6336478  0.51155716],[0.4582654  0.63837615 0.5078381 ],[0.39992085 0.6152434  0.50443258],[0.62947431 0.44591845 0.52897744],[0.54503535 0.59816529 0.54161341],[0.47327218 0.60396618 0.53896601],[0.42283378 0.58499674 0.53550663],[0.62279045 0.42401389 0.5552907 ],[0.55245538 0.5588706  0.56774379],[0.48522804 0.5807545  0.57221663],[0.43684105 0.56461911 0.57677494]
[0.39839054 0.         0.64544772],[0.51777111 0.10767276 0.64617985],[0.58906018 0.28188324 0.61816057],[0.58779766 0.4508004  0.58839734],[0.55460234 0.57573012 0.56152327],[0.64399311 0.30586718 0.54215045],[0.69636494 0.55660398 0.47686601],[0.66411451 0.70456588 0.44675452],[0.617309   0.80388    0.43500693],[0.56932682 0.30500127 0.51197835],[0.60588219 0.59395944 0.45701297],[0.57709883 0.75442468 0.44385374],[0.53934389 0.8519011  0.44092546],[0.47006306 0.2964034  0.48625876],[0.44793514 0.5623935  0.44415704],[0.40040508 0.67619172 0.45209036],[0.36225238 0.73409553 0.46434143],[0.36029278 0.27947437 0.46137187],[0.3223504  0.47278181 0.44210562],[0.29694999 0.56419114 0.45880077],[0.27869605 0.6221785  0.47661696]
[0.38715902 0.         0.63630454],[0.50278425 0.11104269 0.64167527],[0.56923189 0.27486787 0.61512558],[0.57233432 0.42673325 0.5857488 ],[0.54329921 0.54189382 0.55694425],[0.62617947 0.31767923 0.54837831],[0.7114639  0.51396636 0.48415628],[0.72844091 0.65952578 0.44855648],[0.72260655 0.77045349 0.43142543],[0.55314923 0.33844137 0.51582564],[0.59999237 0.61157832 0.464588  ],[0.57408635 0.76190999 0.44804819],[0.53731709 0.85018132 0.44264917],[0.45596778 0.34138882 0.48751247],[0.43771536 0.59861087 0.44371806],[0.38810391 0.68107284 0.44921623],[0.35425655 0.70160112 0.46131284],[0.35106913 0.32856136 0.46074497],[0.3098798  0.51331366 0.44130874],[0.28921626 0.5689136  0.45891858],[0.28574665 0.58826424 0.47784217]
[0.37520875 0.         0.60890451],[0.49347128 0.1051343  0.62566768],[0.55981861 0.27700587 0.61000936],[0.55248921 0.42522766 0.58874023],[0.52048371 0.53996261 0.56692143],[0.62236828 0.3270178  0.54678337],[0.7071448  0.51959148 0.49642663],[0.721679   0.66198301 0.4700741 ],[0.71149149 0.77197354 0.45777109],[0.55442113 0.35805761 0.51126691],[0.60315698 0.60820737 0.47461096],[0.58849706 0.75984576 0.46187533],[0.55826829 0.85313376 0.4559588 ],[0.46320802 0.36570131 0.48001681],[0.4247498  0.62897679 0.44944465],[0.38931935 0.70058642 0.45118224],[0.37162721 0.71476572 0.45518321],[0.36355464 0.3500885  0.45054003],[0.31081143 0.5030803  0.4346218 ],[0.30029155 0.51992635 0.4460517 ],[0.30793941 0.50973383 0.45794915]
[0.35112041 0.         0.61458639],[0.48051893 0.10858618 0.62230349],[0.56073746 0.27540671 0.60243298],[0.5655451  0.43050765 0.57836293],[0.53976505 0.54930817 0.55497412],[0.62526945 0.31674795 0.55048051],[0.71901997 0.49971122 0.49621629],[0.74359345 0.64216152 0.46599415],[0.74043785 0.75465649 0.45101853],[0.5484589  0.35282929 0.51739439],[0.58680828 0.61368659 0.47310906],[0.56919022 0.77576723 0.4557539 ],[0.53478464 0.88191317 0.44913684],[0.45151157 0.36621505 0.48745033],[0.43313073 0.61926324 0.44948088],[0.40361099 0.6920899  0.45001335],[0.38584923 0.7150949  0.45605588],[0.34769916 0.36133908 0.45872318],[0.30980288 0.51645978 0.44011383],[0.30066299 0.52247287 0.45507674],[0.30248273 0.50578302 0.47132221]
[0.34938111 0.         0.62071451],[0.47875584 0.10084179 0.63159533],[0.56021845 0.27995779 0.60922417],[0.57934384 0.44725611 0.58315552],[0.56002395 0.58374489 0.55971008],[0.62862935 0.31029245 0.55280916],[0.72414994 0.47506565 0.49280586],[0.75523986 0.62324744 0.45936368],[0.75431892 0.7350242  0.44305983],[0.55678735 0.34321151 0.51793819],[0.59126348 0.61540721 0.46123758],[0.55818317 0.76165291 0.44308806],[0.51301864 0.83692325 0.44009487],[0.46070266 0.35809015 0.48711752],[0.43097643 0.62772693 0.44207735],[0.38742328 0.68988239 0.4497266 ],[0.36530924 0.68816684 0.46482927],[0.35453219 0.35615849 0.45823568],[0.30607482 0.53981715 0.44109472],[0.29040601 0.56812374 0.46059669],[0.29526147 0.55940912 0.48152531]
[0.33628694 0.         0.601135  ],[0.46991022 0.10577671 0.62341904],[0.5474418  0.2676687  0.61213417],[0.5617546  0.41424626 0.59658164],[0.54299889 0.53202606 0.58107658],[0.60718037 0.29680417 0.5425392 ],[0.71823221 0.46603595 0.49133137],[0.74952444 0.60800942 0.4645049 ],[0.74725968 0.72405295 0.45357213],[0.53975059 0.32456631 0.50943795],[0.5961356  0.57901978 0.46753747],[0.57888205 0.73129735 0.45416518],[0.5403224  0.82805996 0.45231155],[0.44632838 0.34223981 0.48130239],[0.44131915 0.59690106 0.4501402 ],[0.42545922 0.72093349 0.44995725],[0.41259924 0.79350901 0.45513909],[0.34608392 0.34764103 0.45605406],[0.31161274 0.52605248 0.44039993],[0.29491538 0.61578505 0.45146495],[0.28600216 0.67937444 0.46579596]
[0.30101385 0.         0.58953794],[0.44242334 0.09322288 0.62081693],[0.52837823 0.23988097 0.61331394],[0.54706552 0.37610972 0.59959454],[0.52473514 0.49005996 0.58470395],[0.59090298 0.28284987 0.54492778],[0.70888148 0.45487334 0.50178789],[0.74494825 0.59597188 0.48075901],[0.74699383 0.70572996 0.47223626],[0.52863593 0.31898617 0.50846697],[0.58909578 0.57514299 0.47138013],[0.57741988 0.72034428 0.4615083 ],[0.54825193 0.80840436 0.46053863],[0.43963997 0.34630001 0.47662239],[0.45146265 0.60486607 0.44825565],[0.4462088  0.75147615 0.44443932],[0.43948436 0.8425944  0.44495243],[0.34103411 0.35880805 0.44883467],[0.33218241 0.551097   0.43478074],[0.33245722 0.65396951 0.44200306],[0.33878435 0.72931242 0.45053951]
[0.28746464 0.         0.59046893],[0.43987981 0.09329865 0.61841307],[0.5354175  0.23746809 0.60757741],[0.55468679 0.37353288 0.58967861],[0.53246137 0.48424061 0.5708854 ],[0.59528499 0.27664377 0.54773448],[0.70250834 0.44811993 0.50215124],[0.72278411 0.5876702  0.47816699],[0.71391405 0.6978308  0.46794015],[0.52754837 0.32052638 0.50953695],[0.59394134 0.57764591 0.47044721],[0.5842331  0.71858871 0.45761508],[0.55522224 0.80314172 0.45548865],[0.43537562 0.35589941 0.47561172],[0.45390504 0.60266804 0.44989889],[0.44932143 0.73863285 0.45116614],[0.44349249 0.82160004 0.45609025],[0.33556093 0.37718944 0.44424874],[0.33707676 0.56759551 0.43793924],[0.34444099 0.67070016 0.45242094],[0.3554801  0.74700689 0.4665199 ]
[0.26210652 0.         0.58841761],[0.42232346 0.08961951 0.61858812],[0.51609378 0.24278895 0.61316037],[0.53434358 0.38761405 0.60032465],[0.52026852 0.50180298 0.58706656],[0.5741858  0.266737   0.55167916],[0.69249991 0.4484091  0.50832817],[0.7148299  0.5825667  0.48635862],[0.7055629  0.68520933 0.47811398],[0.50285367 0.31858115 0.51368694],[0.61014091 0.5374306  0.47487033],[0.63914078 0.68845287 0.45745573],[0.64090066 0.79267483 0.45043065],[0.41106022 0.36189529 0.47971646],[0.45468875 0.60179326 0.44790131],[0.47142641 0.74679548 0.43843054],[0.48195893 0.84257685 0.43639552],[0.31093553 0.387413   0.44931952],[0.32789474 0.57538992 0.43336666],[0.34444446 0.68062225 0.43901882],[0.36234057 0.76162689 0.4473703 ]
[0.24766698 0.         0.60415431],[0.41300973 0.10147641 0.62663488],[0.50833229 0.28415304 0.6172035 ],[0.53614659 0.4634041  0.60339765],[0.54857339 0.6054041  0.5909405 ],[0.56927877 0.25748712 0.55627601],[0.67907346 0.43023452 0.51415602],[0.70439424 0.5590149  0.49475938],[0.7049621  0.66175821 0.48601383],[0.49014402 0.30236893 0.51824005],[0.59907225 0.52031744 0.47236463],[0.64689865 0.67530175 0.44819017],[0.67662424 0.79150977 0.43405711],[0.39762337 0.35040648 0.48418568],[0.43157254 0.60788094 0.44048696],[0.46058298 0.75916293 0.42269462],[0.49370826 0.86061747 0.41515968],[0.29971984 0.38881512 0.4543293 ],[0.33100172 0.57900571 0.43404729],[0.36277898 0.6351176  0.43870335],[0.39883562 0.66656346 0.4440051 ]
[0.2589195  0.         0.60143642],[0.41311232 0.08136381 0.6212068 ],[0.51910775 0.23350744 0.60861406],[0.55218465 0.38781862 0.5884125 ],[0.55537386 0.51440908 0.56819683],[0.58768055 0.25286648 0.56582196],[0.6812477  0.44896367 0.52049126],[0.7037459  0.58708264 0.49315968],[0.70499309 0.69496062 0.4776034 ],[0.51238072 0.30145547 0.52667393],[0.58829766 0.53885285 0.48346452],[0.60376146 0.69881347 0.46112717],[0.60127298 0.81310815 0.44876315],[0.41607483 0.34481076 0.48911761],[0.45612667 0.59013406 0.45005881],[0.47207273 0.7471993  0.43462698],[0.4855315  0.8564122  0.42696967],[0.31236061 0.3790371  0.45410312],[0.33182565 0.57747319 0.42790275],[0.35677348 0.6841087  0.4255392 ],[0.38715639 0.7676224  0.42671019]
[0.28037081 0.         0.61738167],[0.43140228 0.10302743 0.62575719],[0.54327379 0.28830216 0.6104997 ],[0.59676167 0.4741021  0.59211142],[0.61731541 0.62112356 0.57567168],[0.60186103 0.26454328 0.5627319 ],[0.70395662 0.43053926 0.51138854],[0.74055223 0.56717215 0.48328184],[0.74868126 0.6752121  0.46810124],[0.53144256 0.29718876 0.5279057 ],[0.60212872 0.55985459 0.4765779 ],[0.59368888 0.7073186  0.45629432],[0.5605667  0.79881543 0.45094166],[0.43264913 0.32468039 0.49501913],[0.45939157 0.59202038 0.44816336],[0.45840164 0.74214397 0.43361076],[0.45121643 0.84145841 0.42896199],[0.32377735 0.33951494 0.46413624],[0.29151215 0.5249879  0.42797595],[0.27228969 0.63269907 0.42124301],[0.25876007 0.71529552 0.42224483]
[0.25534204 0.         0.62717173],[0.40486148 0.07949831 0.63586902],[0.5252809  0.23798451 0.61761734],[0.57615215 0.40806767 0.59338149],[0.58696063 0.54601999 0.57150742],[0.59687268 0.23667352 0.56897106],[0.69085339 0.45846659 0.51132379],[0.69818284 0.61681692 0.47865084],[0.68188601 0.72985103 0.46134295],[0.53185994 0.2698722  0.53306364],[0.62203912 0.52065991 0.47963459],[0.62276286 0.69593432 0.45569611],[0.59750246 0.81703621 0.44459413],[0.4334276  0.31184781 0.49886195],[0.49621833 0.57374174 0.44880771],[0.50239423 0.73424552 0.43260859],[0.49754201 0.84802114 0.426008  ],[0.31691383 0.35177219 0.46607983],[0.29615204 0.56471214 0.42429699],[0.28744685 0.69619969 0.41314905],[0.27934859 0.80257857 0.41136378]
[0.29484208 0.         0.60267194],[0.43573412 0.09149288 0.61018044],[0.52988955 0.23454633 0.59262483],[0.54619441 0.3827521  0.56839582],[0.53141016 0.49923626 0.54380931],[0.605332   0.2644858  0.56031671],[0.65400576 0.49815349 0.51355598],[0.65709018 0.643534   0.4829463 ],[0.64578381 0.75335291 0.46529022],[0.53892447 0.29760259 0.52832945],[0.60913175 0.53230216 0.49234024],[0.62143746 0.6848041  0.47024525],[0.61543962 0.80086699 0.45657317],[0.44786588 0.33216958 0.49751996],[0.49268486 0.57316341 0.46214427],[0.49549119 0.72316552 0.44427546],[0.49068026 0.83163008 0.43427258],[0.33946167 0.36450772 0.46767011],[0.3238964  0.55943117 0.43955413],[0.31558688 0.67150082 0.4335778 ],[0.30911748 0.7613021  0.43370603]
[0.33223054 0.         0.60856184],[0.46125936 0.09000567 0.61243453],[0.55215808 0.24121931 0.5905788 ],[0.57166376 0.39031947 0.56485969],[0.56256907 0.50609111 0.53969551],[0.62364193 0.27584115 0.54754411],[0.64612331 0.51853597 0.49895031],[0.63334992 0.66532476 0.47053704],[0.61192304 0.7679205  0.45617485],[0.5524608  0.29818966 0.51852423],[0.59422643 0.55812477 0.48363988],[0.59078039 0.71055884 0.46868605],[0.5753901  0.81426122 0.45990704],[0.46040107 0.32142898 0.49161379],[0.47707514 0.57365745 0.46293974],[0.46872774 0.71832939 0.45700184],[0.4595383  0.81600862 0.45397409],[0.3568268  0.34212315 0.46516558],[0.33704081 0.53308031 0.4453917 ],[0.32224645 0.63954142 0.44885406],[0.31036695 0.71943826 0.45496532]
[0.35513222 0.         0.6049135 ],[0.482545   0.09754185 0.61825672],[0.56426287 0.24112383 0.59832324],[0.57822514 0.3801544  0.57234733],[0.55868949 0.49370695 0.54627021],[0.62676432 0.2869722  0.54708074],[0.64908304 0.52843594 0.50017662],[0.62867803 0.66545554 0.47546509],[0.59929824 0.75373077 0.46433385],[0.55648954 0.30925401 0.51443043],[0.59307353 0.57117644 0.47795885],[0.57479299 0.71790655 0.46572169],[0.54659173 0.80867133 0.46089042],[0.46535298 0.32844192 0.48502347],[0.47710188 0.57976155 0.45694712],[0.4593301  0.72094399 0.45336363],[0.44274467 0.81124586 0.45294324],[0.36197135 0.34223367 0.45738469],[0.33899405 0.52716182 0.44153645],[0.32516512 0.63054373 0.44884664],[0.31571373 0.70553765 0.45778606]
[0.39438083 0.         0.60897589],[0.51233821 0.11898913 0.63214942],[0.57070773 0.26203176 0.61295198],[0.56264161 0.39327276 0.58594715],[0.52761623 0.4983319  0.55701256],[0.63694138 0.31360666 0.55073143],[0.64727379 0.54183881 0.50344168],[0.61556427 0.66374991 0.47915722],[0.57594703 0.73658178 0.46850016],[0.56989578 0.33015776 0.51201196],[0.58889709 0.58953652 0.47402177],[0.56174009 0.72319185 0.46126168],[0.52787536 0.80147697 0.45685138],[0.48219545 0.33651997 0.47798084],[0.47458487 0.58074934 0.45019967],[0.44988818 0.71518287 0.4450642 ],[0.42703733 0.79974356 0.44341278],[0.38213056 0.33184386 0.44689352],[0.34834769 0.50412694 0.4345574 ],[0.32934531 0.59676517 0.44435344],[0.3146512  0.66230248 0.45452388]
[0.43142492 0.         0.59491151],[0.53668319 0.12386156 0.61333841],[0.58620279 0.27121606 0.59905986],[0.58353177 0.39563807 0.57837337],[0.55531928 0.49194929 0.55496978],[0.62319627 0.33688128 0.54255935],[0.64751133 0.55419131 0.50398182],[0.6285233  0.6761025  0.48480484],[0.60154766 0.75668107 0.47612327],[0.55278532 0.34769605 0.50853692],[0.56169524 0.60071746 0.47867459],[0.54284961 0.73067832 0.46672306],[0.51841123 0.80897899 0.46143103],[0.46450698 0.34122397 0.47886007],[0.44688345 0.57612447 0.45666441],[0.42677047 0.70391373 0.45138021],[0.40949506 0.78524396 0.44893935],[0.37112284 0.31800107 0.45177809],[0.34883419 0.4803203  0.4401985 ],[0.33607616 0.56861694 0.44951963],[0.32662894 0.63196358 0.45917194]
[0.45956189 0.         0.54484151],[0.55695688 0.11133335 0.56783908],[0.60787389 0.26405231 0.56281399],[0.61786951 0.38488649 0.55162657],[0.59365919 0.47964123 0.5397022 ],[0.62367215 0.36421033 0.52099238],[0.62255779 0.56909262 0.49847493],[0.59420816 0.67264638 0.48840404],[0.56302493 0.73007429 0.48550209],[0.56141106 0.37367139 0.49513787],[0.54188802 0.60637819 0.48474645],[0.5106111  0.71173619 0.48465449],[0.48268743 0.77611166 0.48564606],[0.47874073 0.36452147 0.47284121],[0.45187946 0.57981366 0.47080172],[0.42126037 0.68467263 0.47981301],[0.38972648 0.75016196 0.48423643],[0.38789864 0.33548618 0.45233565],[0.36577163 0.49786999 0.45939305],[0.34485864 0.58861516 0.47804699],[0.32388202 0.6550245  0.49215026]
[0.51429483 0.         0.57187998],[0.6074214  0.12500063 0.58353206],[0.63939697 0.28759379 0.57011712],[0.62055731 0.42256411 0.5537973 ],[0.57761508 0.52502481 0.53620081],[0.63974981 0.37267155 0.51694918],[0.60515603 0.59913935 0.48607139],[0.56142673 0.7096881  0.47535527],[0.5198782  0.77212736 0.47263808],[0.57530509 0.3729344  0.4952915 ],[0.52448691 0.61418313 0.47256651],[0.48041973 0.7304327  0.47108107],[0.44584556 0.80354977 0.47238005],[0.49920594 0.35417393 0.47757006],[0.43565275 0.5647275  0.46725205],[0.39457966 0.65692037 0.47583607],[0.36226302 0.71479996 0.481817  ],[0.42401622 0.31752737 0.46160052],[0.38242625 0.46679901 0.46700347],[0.35643617 0.526751   0.4876757 ],[0.33386633 0.56339118 0.50338481]
[0.63665984 0.         0.51201779],[0.52339956 0.09170257 0.47177936],[0.45628112 0.28443496 0.46723978],[0.41634076 0.43901804 0.47007759],[0.39203407 0.55740422 0.48200901],[0.60130163 0.42817718 0.48709918],[0.50269245 0.62737895 0.46871301],[0.41827569 0.66217036 0.45873714],[0.36220401 0.65135732 0.45818301],[0.64089936 0.43219252 0.50724568],[0.53499246 0.62090003 0.4940272 ],[0.45262113 0.64623858 0.48917779],[0.39570202 0.63901319 0.48985975],[0.64814224 0.41926091 0.52377311],[0.54621808 0.5910175  0.51590432],[0.47004426 0.62445191 0.52028874],[0.41683761 0.63075674 0.52596359],[0.63171837 0.39887815 0.53629947],[0.54769432 0.54634157 0.53243142],[0.47833171 0.59578567 0.53961534],[0.42760931 0.61351963 0.54955774]
[0.58506508 0.         0.54438265],[0.66629262 0.1663575  0.5507052 ],[0.65777158 0.34981427 0.55013805],[0.6150179  0.49647614 0.55087577],[0.56892961 0.60192669 0.55158824],[0.63508882 0.39459232 0.51222365],[0.62454497 0.59067894 0.49222812],[0.60115386 0.70115698 0.48925118],[0.57612547 0.77999981 0.49119044],[0.53371666 0.38135717 0.49829351],[0.48392816 0.59588372 0.48392994],[0.45491658 0.71297803 0.48199677],[0.43608641 0.79824829 0.48310869],[0.45055522 0.34387621 0.48677589],[0.38245923 0.52387378 0.4706674 ],[0.35253106 0.63255168 0.46553727],[0.33659569 0.71487731 0.4640835 ],[0.38989872 0.28885643 0.47876945],[0.36732507 0.42009907 0.47375247],[0.37993892 0.48260476 0.48499702],[0.40205835 0.52379091 0.49550478]
[0.57684476 0.         0.54178074],[0.66962885 0.16789625 0.55933047],[0.65864435 0.35136487 0.5590161 ],[0.61324468 0.50075512 0.56084165],[0.5685855  0.59870734 0.56177503],[0.63527109 0.39867613 0.49539544],[0.62207385 0.60852943 0.48414777],[0.59808526 0.71314814 0.49106303],[0.57491793 0.77187834 0.50044702],[0.52855146 0.38497209 0.47980629],[0.46577446 0.62107515 0.47940598],[0.44077199 0.73429561 0.48798765],[0.43336148 0.79501928 0.49535176],[0.44180681 0.3423937  0.47061122],[0.36789923 0.55186561 0.46920794],[0.34999524 0.65239672 0.47171202],[0.34670579 0.70176674 0.47230858],[0.38076295 0.28146219 0.46659565],[0.37862394 0.40808909 0.46996694],[0.40770422 0.45230676 0.48518572],[0.44074615 0.46340144 0.49806301]
[0.59272269 0.         0.54283125],[0.70918767 0.16723854 0.54744702],[0.70531659 0.3449056  0.54361334],[0.63840953 0.46654391 0.54573079],[0.58253979 0.52411664 0.54706566],[0.62119241 0.42311037 0.48131248],[0.60681009 0.63088331 0.47202713],[0.58826148 0.7370501  0.47896018],[0.57387358 0.80121425 0.48891387],[0.5106914  0.3936907  0.47479109],[0.43933455 0.62373712 0.47580378],[0.42249674 0.74337305 0.49114766],[0.42734784 0.80682816 0.50374923],[0.4339997  0.33946102 0.47332001],[0.35369257 0.53540739 0.47252197],[0.34127308 0.65633776 0.47825236],[0.34803104 0.71655843 0.48395476],[0.39469513 0.27522223 0.47532563],[0.37601368 0.39940598 0.48823846],[0.39994392 0.45191122 0.50932164],[0.43416652 0.46300423 0.52567169]
[0.62162118 0.         0.51172448],[0.74275334 0.16483466 0.49138952],[0.7420642  0.36158484 0.48988548],[0.68445523 0.5178553  0.49859592],[0.65581816 0.62976279 0.51153846],[0.60950938 0.44493681 0.46834019],[0.57630937 0.64904269 0.46227922],[0.56517925 0.74730867 0.46918141],[0.56029456 0.81210383 0.48070077],[0.51038725 0.40078814 0.47979145],[0.42907461 0.5956429  0.48752894],[0.40782497 0.6942529  0.50704311],[0.40439678 0.75746214 0.52493329],[0.44853487 0.33771028 0.49118427],[0.37113165 0.49713143 0.49374997],[0.35861238 0.58880823 0.51037502],[0.36237818 0.64479092 0.5272865 ],[0.41645403 0.27305929 0.50218077],[0.35506701 0.39633264 0.51080045],[0.3396378  0.46906076 0.53066192],[0.33849582 0.51753077 0.55082887]
[0.63219787 0.         0.47537778],[0.74546615 0.17071117 0.48244289],[0.75912393 0.36998718 0.49417756],[0.7153971  0.52596583 0.5145805 ],[0.66833368 0.61207935 0.54412652],[0.60692539 0.45439116 0.43743375],[0.55943279 0.71504796 0.44413991],[0.56565438 0.77555367 0.47588487],[0.57004478 0.76495693 0.50955863],[0.50739827 0.40603513 0.44997634],[0.4044443  0.62696668 0.46086434],[0.38189243 0.69825384 0.50085843],[0.37956722 0.71852801 0.53971539],[0.44527268 0.3382585  0.4675583 ],[0.35877003 0.51403313 0.48211462],[0.35139809 0.58989121 0.52064632],[0.36391897 0.62327085 0.55637395],[0.41622696 0.26402209 0.48837802],[0.35794933 0.39471691 0.51486105],[0.35111984 0.4549871  0.5525831 ],[0.3594658  0.48234331 0.58834775]
[0.60224698 0.         0.49443474],[0.72682692 0.1776723  0.49361128],[0.72832862 0.38176853 0.50339726],[0.66923628 0.53683524 0.51846621],[0.62726528 0.63199794 0.53790328],[0.60708908 0.49276858 0.47267167],[0.57469877 0.71245351 0.47524015],[0.56153439 0.79040475 0.48998108],[0.55344321 0.82287477 0.50544911],[0.50071549 0.44367838 0.47596445],[0.40771806 0.63614882 0.49119509],[0.37988848 0.73014561 0.51137052],[0.36990597 0.78315588 0.52684538],[0.43428208 0.36354582 0.48020097],[0.35457305 0.50438545 0.49040596],[0.3429422  0.57738455 0.49408522],[0.34827803 0.60913777 0.49663207],[0.40013012 0.2745678  0.48603494],[0.40147449 0.33293888 0.50525594],[0.43537036 0.3533786  0.51991127],[0.47405213 0.34475681 0.53094341]
[0.54961343 0.         0.56173735],[0.65193433 0.16306795 0.58022625],[0.64717706 0.35759684 0.57545494],[0.60137658 0.53109    0.57161092],[0.55519792 0.64439224 0.56999867],[0.65250698 0.38002298 0.4987658 ],[0.62170109 0.61218701 0.47315652],[0.58659404 0.69750565 0.4790937 ],[0.56844307 0.69975845 0.49504023],[0.55585822 0.36587686 0.48000504],[0.48035358 0.63229265 0.45596   ],[0.46135518 0.69994478 0.47125906],[0.4733813  0.67985227 0.49252619],[0.46465381 0.33470933 0.46710531],[0.37454955 0.58529884 0.45254149],[0.37074021 0.65162145 0.47245272],[0.39019552 0.64049919 0.49350351],[0.39609546 0.28911486 0.45865378],[0.34895338 0.47563509 0.46092356],[0.36166132 0.53068532 0.48384351],[0.38765797 0.52884823 0.50614146]
[0.46487002 0.         0.55576086],[0.54172223 0.1379656  0.56360611],[0.56642681 0.31093953 0.55471529],[0.54341255 0.45714843 0.54121146],[0.51465232 0.55701063 0.53125859],[0.59812301 0.346788   0.53387241],[0.6102019  0.57130254 0.50607198],[0.59119261 0.68910177 0.49577966],[0.56641727 0.76236306 0.49324188],[0.54980845 0.3521932  0.51391256],[0.55852026 0.58171696 0.48967743],[0.53381869 0.70601849 0.48453239],[0.50684062 0.77811995 0.48440139],[0.48462761 0.34711773 0.49322671],[0.47050508 0.56065374 0.47506062],[0.44896508 0.67794558 0.46836668],[0.43369401 0.75048467 0.46502105],[0.40976258 0.32655538 0.47281941],[0.37160398 0.46123269 0.46115172],[0.36482665 0.53584754 0.45824053],[0.37000826 0.58949453 0.45807125]
[0.41077268 0.         0.57399691],[0.50141179 0.13486222 0.58971234],[0.54319506 0.28896589 0.57931617],[0.52503002 0.41391372 0.56258682],[0.49357666 0.49456384 0.54903875],[0.5973607  0.33452428 0.5398892 ],[0.63619966 0.57191146 0.50405609],[0.61537494 0.68289472 0.48960436],[0.578855   0.74414513 0.48627498],[0.55678553 0.34781126 0.51502014],[0.59891026 0.59042009 0.47980482],[0.57143673 0.71410619 0.4707464 ],[0.52916862 0.7757193  0.4710648 ],[0.491067   0.35005806 0.49151073],[0.50717854 0.57486347 0.46442519],[0.4821098  0.69094412 0.45325998],[0.44922797 0.75400376 0.44958099],[0.40624801 0.33930411 0.46960913],[0.36172274 0.48807143 0.45601216],[0.33478211 0.57317266 0.45211645],[0.30958618 0.63574429 0.45237358]
[0.34639685 0.         0.52833592],[0.43583223 0.12466104 0.5837828 ],[0.49637905 0.25882323 0.59259079],[0.50463757 0.37971321 0.58499461],[0.48583864 0.47429663 0.58004515],[0.5887883  0.30574889 0.55699237],[0.64818506 0.52774283 0.53169139],[0.61203851 0.65145521 0.51965286],[0.55566893 0.71469035 0.51816902],[0.56414961 0.33401278 0.51250779],[0.64127911 0.57603789 0.4853325 ],[0.60159488 0.70913923 0.47806811],[0.54095719 0.77079121 0.48088734],[0.50679659 0.35205912 0.47007698],[0.54790437 0.58620383 0.45088331],[0.51406018 0.71576243 0.4452069 ],[0.47211679 0.78598205 0.44523223],[0.41452646 0.36464018 0.43123944],[0.37055841 0.53865041 0.4299116 ],[0.33992428 0.6338874  0.43452283],[0.31236697 0.69570208 0.43987607]
[0.27548286 0.         0.51001075],[0.31984029 0.19028601 0.61364858],[0.34554721 0.34189295 0.6284362 ],[0.34934226 0.46381115 0.60974068],[0.37269685 0.56311766 0.58972134],[0.53630674 0.31977395 0.60083005],[0.63800242 0.51675511 0.58391208],[0.61726746 0.64638732 0.57411804],[0.56456595 0.7268428  0.57230018],[0.54848838 0.33184186 0.52044625],[0.6893139  0.52214283 0.49785334],[0.66945175 0.65010006 0.4932395 ],[0.604744   0.70835811 0.49629907],[0.52511824 0.34006113 0.44281201],[0.62366987 0.5423875  0.42380467],[0.57243681 0.66480975 0.42812737],[0.50125122 0.71709102 0.43511387],[0.45967236 0.36195624 0.37159304],[0.48102211 0.54277063 0.36011799],[0.43325636 0.64858252 0.36889686],[0.37252294 0.70103141 0.37897812]
[0.63514756 0.         0.47369095],[0.66573798 0.15595401 0.45326954],[0.6299269  0.36872769 0.45579164],[0.56839816 0.52347119 0.46371271],[0.50896541 0.62430246 0.47806819],[0.6247692  0.4349159  0.48072341],[0.54225786 0.6221506  0.48119613],[0.4766875  0.68137872 0.48001192],[0.42581811 0.70075963 0.48250822],[0.57123321 0.40317635 0.49488021],[0.49999041 0.58331243 0.50660171],[0.44764211 0.65109368 0.50459553],[0.40508973 0.68705825 0.50167807],[0.52363569 0.35981959 0.50648622],[0.461142   0.53080908 0.51941446],[0.42105789 0.60434069 0.52670624],[0.38755529 0.64564004 0.5299106 ],[0.4803899  0.31500044 0.51612166],[0.43906457 0.47180371 0.53328404],[0.40659776 0.54643093 0.54961099],[0.37889276 0.58985459 0.56173754]
[0.29527738 0.         0.57134138],[0.42970336 0.06528654 0.6181477 ],[0.52232232 0.20150203 0.61470243],[0.5359     0.33237407 0.59363541],[0.51008536 0.44368403 0.57370271],[0.60137222 0.25323957 0.57589341],[0.65107075 0.49714369 0.53759647],[0.62496861 0.64668879 0.51835752],[0.56647234 0.72473137 0.51180797],[0.56820164 0.31377414 0.52429919],[0.68526371 0.57638788 0.48727992],[0.66056537 0.73663567 0.47937329],[0.59420268 0.82017083 0.4822965 ],[0.49676364 0.3608271  0.47415142],[0.55256989 0.64088792 0.43605562],[0.50260824 0.77822975 0.42212532],[0.44533223 0.84218705 0.41780583],[0.38716935 0.40464159 0.42825744],[0.34053437 0.5949534  0.40645681],[0.28718369 0.63695113 0.4098985 ],[0.24243286 0.62970344 0.41681516]
[0.37353163 0.         0.52513278],[0.49701854 0.11740009 0.57481141],[0.55105174 0.27962411 0.58012866],[0.53982892 0.40387276 0.57148456],[0.5129851  0.5051232  0.55999665],[0.6249308  0.32464199 0.54519034],[0.64789586 0.53136937 0.52435057],[0.61992519 0.64983655 0.5110579 ],[0.57745548 0.71779287 0.50713718],[0.57876379 0.35509401 0.50300618],[0.60568748 0.58418716 0.49835748],[0.56540735 0.70125094 0.49346193],[0.51452106 0.76337744 0.49249567],[0.50483203 0.37226836 0.4642158 ],[0.49537717 0.60108877 0.46378267],[0.45627333 0.71421728 0.46071557],[0.42147747 0.77598192 0.45733085],[0.41219158 0.37512297 0.4288718 ],[0.36173343 0.51658345 0.43676336],[0.33051316 0.58591655 0.44687844],[0.30859889 0.62525022 0.45483021]
[0.35187341 0.         0.52246454],[0.47904446 0.10843089 0.56990403],[0.53990284 0.27177199 0.57356747],[0.54058421 0.40912173 0.56327342],[0.51963085 0.51465136 0.5545678 ],[0.62906064 0.32423016 0.5406739 ],[0.65859501 0.54161037 0.51504422],[0.62186804 0.65332422 0.50200126],[0.56917214 0.70891691 0.50082164],[0.58209639 0.35860499 0.50061717],[0.61724019 0.59999718 0.48524501],[0.57062416 0.70272823 0.48611679],[0.51485513 0.74386764 0.49347599],[0.50348447 0.37880945 0.46303834],[0.49538616 0.61032709 0.45797178],[0.44939346 0.69585036 0.46986082],[0.40945775 0.7253998  0.48124592],[0.40492422 0.38484914 0.42788065],[0.36649857 0.53679447 0.44311647],[0.34535101 0.59995421 0.46550698],[0.33095688 0.6307598  0.4836058 ]
[0.36273778 0.         0.56785029],[0.4558447  0.14845575 0.60806454],[0.48775004 0.35013497 0.60192751],[0.4717749  0.50428439 0.58343411],[0.45240236 0.61320086 0.56527361],[0.62963631 0.36001491 0.55270937],[0.66004372 0.60218964 0.51469965],[0.60219046 0.69630661 0.49376188],[0.53877599 0.73849047 0.48564657],[0.60555237 0.3629741  0.50999125],[0.65518033 0.62397081 0.48315671],[0.58628096 0.71354668 0.47336278],[0.51246083 0.7413509  0.47028613],[0.53816097 0.34744662 0.47122054],[0.5435696  0.57510925 0.45175068],[0.47709186 0.65684125 0.4463656 ],[0.41854315 0.68268569 0.4427465 ],[0.44336512 0.32759745 0.4361316 ],[0.39218836 0.45285571 0.43928076],[0.34976677 0.49480717 0.44883647],[0.31668343 0.50773678 0.45350346]
[0.28847011 0.         0.55779185],[0.41177614 0.10632525 0.59132409],[0.48294554 0.2942542  0.58493459],[0.49298934 0.45747554 0.56601887],[0.49738557 0.56708702 0.54855372],[0.61261547 0.32851369 0.55030766],[0.68520802 0.57301036 0.51461909],[0.65628675 0.69657883 0.49479051],[0.60035169 0.75769681 0.48938444],[0.58670088 0.34535944 0.51246242],[0.66002244 0.60086284 0.48730442],[0.6103359  0.71931812 0.47854242],[0.53624414 0.76506421 0.47946503],[0.51831249 0.34969988 0.47652991],[0.53804954 0.58898701 0.46268814],[0.4840961  0.69286343 0.45666155],[0.42543645 0.7326995  0.45287749],[0.42170774 0.35110908 0.44228661],[0.36528266 0.48857495 0.44573854],[0.32858384 0.53442754 0.4515876 ],[0.29719917 0.5500923  0.45613103]
[0.33619706 0.         0.52789058],[0.47156307 0.11605339 0.57934477],[0.53345867 0.27480193 0.57976333],[0.53298368 0.40279401 0.56517022],[0.51736151 0.5097608  0.55047373],[0.59994265 0.32617201 0.54283681],[0.65785046 0.53993815 0.51837363],[0.63060519 0.66159377 0.50293325],[0.58934951 0.72942384 0.49717919],[0.55710527 0.35393414 0.49977669],[0.62185834 0.58244277 0.49224878],[0.57864955 0.69069823 0.48865358],[0.52663004 0.73502124 0.48665058],[0.48585901 0.37547681 0.46044873],[0.50705765 0.59016718 0.46322199],[0.461512   0.68608784 0.47185456],[0.42213911 0.71930783 0.47505751],[0.39634243 0.38983287 0.42399931],[0.3784403  0.54228145 0.44128492],[0.3553492  0.62054526 0.46041469],[0.33974528 0.65366649 0.47242312]
[0.30140551 0.         0.50377251],[0.43118819 0.09929093 0.56359727],[0.49708687 0.2532465  0.57378341],[0.5183757  0.37183511 0.56554942],[0.52231582 0.46692969 0.55790975],[0.57716332 0.33574057 0.55434542],[0.65133972 0.53818863 0.5344424 ],[0.63487901 0.66230776 0.51764618],[0.59669478 0.74335214 0.51121652],[0.55023941 0.36337181 0.51108408],[0.61273394 0.57029049 0.50569309],[0.58802892 0.69296814 0.49791098],[0.53988625 0.77454247 0.49310646],[0.49618903 0.3823224  0.46912277],[0.53464042 0.58018378 0.46872529],[0.50332746 0.69686392 0.46046215],[0.45760296 0.77239858 0.45165283],[0.42083667 0.39243686 0.43022921],[0.39217838 0.52882967 0.4400816 ],[0.35575098 0.61071003 0.44415111],[0.31813667 0.66419051 0.44551755]
[0.27079089 0.         0.52666215],[0.39880927 0.11086948 0.60092974],[0.47754915 0.26085368 0.60875287],[0.50057309 0.38177508 0.5926523 ],[0.50347974 0.4829649  0.57685925],[0.57139686 0.30797192 0.5733951 ],[0.66908404 0.52183634 0.54727362],[0.65081831 0.65031074 0.52990628],[0.60748757 0.72482115 0.52360947],[0.55751036 0.33866868 0.51513678],[0.67098329 0.56357652 0.49971099],[0.63456921 0.6971967  0.49180025],[0.56433227 0.77086232 0.49013226],[0.50413014 0.36588969 0.45978882],[0.56007347 0.58690061 0.45276955],[0.51787482 0.71667582 0.44184453],[0.46276406 0.79018678 0.43035887],[0.42090162 0.39420673 0.40849844],[0.36409517 0.53794485 0.41069399],[0.3167911  0.6222694  0.41065023],[0.27598556 0.6742186  0.40857451]
[0.28260896 0.         0.57327532],[0.42180585 0.11906372 0.62294806],[0.50599325 0.28791196 0.61588515],[0.51464477 0.4340803  0.58803369],[0.5025404  0.55230629 0.56184282],[0.60253752 0.31855491 0.57424507],[0.68849112 0.55649627 0.52948301],[0.64886327 0.6911606  0.50345447],[0.59031151 0.76086918 0.49060927],[0.57817887 0.34022283 0.51814088],[0.69523637 0.58544403 0.49241037],[0.64756393 0.72108615 0.48643669],[0.57523366 0.78424873 0.48313915],[0.51000437 0.35637382 0.46400077],[0.54115298 0.61026955 0.44550694],[0.46833742 0.68599546 0.45045205],[0.4101894  0.69749816 0.45059302],[0.40869082 0.37591387 0.41123216],[0.34624827 0.53355729 0.40467082],[0.29550371 0.55465115 0.41415895],[0.26586354 0.53429573 0.41948135]
[0.27200429 0.         0.6024218 ],[0.41056346 0.09875258 0.64600069],[0.49443073 0.25881318 0.6326778 ],[0.5006193  0.41123149 0.60552401],[0.48625987 0.54057749 0.58000667],[0.6027116  0.27037426 0.56312068],[0.69190625 0.53914733 0.50843566],[0.64125569 0.68331938 0.48239689],[0.58112868 0.74880205 0.47156154],[0.56551955 0.31599303 0.51258517],[0.69866649 0.59409442 0.47071789],[0.63550007 0.73373697 0.46588358],[0.56068841 0.78290486 0.46738331],[0.48896329 0.35567438 0.46640091],[0.56541922 0.61921568 0.43862944],[0.50757682 0.72607784 0.44642636],[0.45806957 0.74799809 0.45085756],[0.38419586 0.39150899 0.42300723],[0.34322037 0.54078083 0.413831  ],[0.31218458 0.57664844 0.42317916],[0.29911592 0.56434872 0.42895268]
[0.22309691 0.         0.6088717 ],[0.32551684 0.12141464 0.63408859],[0.40340097 0.32856371 0.61394199],[0.42672196 0.51834465 0.58185313],[0.44137621 0.65081395 0.55698847],[0.59702951 0.25613723 0.56736529],[0.74683701 0.5420774  0.50697413],[0.70366078 0.67181867 0.48026883],[0.62694582 0.71481932 0.47218074],[0.59353226 0.27174177 0.52440052],[0.7446593  0.5753886  0.47117818],[0.66716254 0.7054999  0.46328418],[0.57977082 0.74090693 0.46633129],[0.52602571 0.28808796 0.48268739],[0.60473336 0.58978462 0.43193411],[0.52787511 0.70199872 0.43616262],[0.45228049 0.7250536  0.44441902],[0.40214205 0.32613406 0.4439882 ],[0.3500936  0.54449288 0.42564001],[0.29703659 0.61207344 0.43852484],[0.26010218 0.61484793 0.44891678]
[0.63018352 0.         0.42758124],[0.55596275 0.17941363 0.4247995 ],[0.50092409 0.34461951 0.43725565],[0.46674527 0.46194273 0.44647354],[0.43752797 0.55871093 0.46003661],[0.57358867 0.44896462 0.50713341],[0.50574531 0.58277354 0.51729424],[0.43729824 0.64906714 0.50318232],[0.38238062 0.68638057 0.49258046],[0.59079468 0.43601368 0.51106252],[0.52035371 0.57638231 0.5259023 ],[0.45247577 0.63017799 0.50443716],[0.3939883  0.66096976 0.48615675],[0.59410367 0.41752518 0.51069686],[0.5272948  0.54804981 0.53363224],[0.47030227 0.60708663 0.53059674],[0.42066334 0.64117357 0.52330705],[0.58049815 0.38743443 0.50686462],[0.53013695 0.50970979 0.53672411],[0.48395275 0.56902426 0.5526875 ],[0.44507918 0.60457993 0.56159518]
[0.12860844 0.         0.68125699],[0.33046825 0.01635858 0.70206892],[0.49383941 0.16306976 0.66851078],[0.56147716 0.35917076 0.62617532],[0.57090546 0.53745787 0.58819635],[0.59325695 0.14587916 0.57504293],[0.78008473 0.42519908 0.50351137],[0.75894666 0.59997765 0.47615606],[0.69161128 0.69360223 0.46737049],[0.5234733  0.22388551 0.52594504],[0.72880458 0.51964593 0.45476369],[0.7118793  0.71233593 0.43798261],[0.6457388  0.8187286  0.43468873],[0.41256643 0.3011281  0.48337019],[0.55600805 0.62251154 0.41870334],[0.53148043 0.80951587 0.40790807],[0.48091135 0.91257851 0.40419313],[0.27155943 0.38076533 0.4457993 ],[0.26324602 0.6378947  0.39977877],[0.24356813 0.7734599  0.39742578],[0.22156584 0.846835   0.40115215]
[0.65793235 0.         0.45833522],[0.5644805  0.12985559 0.41427709],[0.50366938 0.30770247 0.41381994],[0.46056946 0.45457544 0.42291437],[0.41880453 0.56059168 0.4399315 ],[0.61333119 0.47772869 0.47138643],[0.50430543 0.61370024 0.48128309],[0.41880325 0.63450761 0.47726232],[0.35858197 0.63013934 0.4741973 ],[0.63154366 0.47665555 0.50254949],[0.52288823 0.60588216 0.5178584 ],[0.44126653 0.61746969 0.50832542],[0.37968008 0.61536642 0.49753936],[0.62630956 0.4570837  0.52971201],[0.53008439 0.57873547 0.54644657],[0.45814785 0.59747616 0.54052198],[0.40146752 0.59681187 0.53180267],[0.6045908  0.42938825 0.55215707],[0.53010428 0.54383423 0.569074  ],[0.46361557 0.58050049 0.57380272],[0.40982346 0.59199496 0.57680304]
[5.76133370e-04 5.26793348e-03 7.61567606e-01],[0.2212213  0.         0.75058355],[0.44401576 0.1472296  0.69801832],[0.57177476 0.3764451  0.63873091],[0.63779168 0.5779304  0.58835717],[0.5520915  0.07052816 0.60761128],[0.81597646 0.35315285 0.4855124 ],[0.8228094  0.59605589 0.42449004],[0.76753068 0.74255667 0.40036228],[0.47379203 0.15113384 0.55723103],[0.75627115 0.43640643 0.43632553],[0.76303802 0.69576673 0.39618183],[0.69648842 0.85152433 0.38793478],[0.35246645 0.26331719 0.5091453 ],[0.54908332 0.57162704 0.41104564],[0.55847847 0.80695078 0.3921721 ],[0.52804462 0.9427784  0.39368697],[0.2047723  0.39624915 0.46154155],[0.25004164 0.69082294 0.40124201],[0.26614894 0.86153682 0.39586484],[0.26758696 0.96271975 0.40239485]
[0.64380333 0.         0.47366078],[0.53534083 0.11071031 0.44834435],[0.47846291 0.29870227 0.45305868],[0.44602755 0.44915887 0.46420225],[0.42299079 0.55468725 0.48287653],[0.59221138 0.43340499 0.4736888 ],[0.50017282 0.60917937 0.47759275],[0.42422613 0.6408502  0.47906588],[0.37096123 0.63313193 0.48284086],[0.62201888 0.44659152 0.4951992 ],[0.52387374 0.61658549 0.50452364],[0.44785546 0.63359241 0.50309588],[0.39493593 0.61995647 0.50155723],[0.62513674 0.44317331 0.51533274],[0.53311221 0.60224332 0.52628359],[0.46275626 0.62174232 0.52382081],[0.41506514 0.61003318 0.51994352],[0.61054662 0.43188554 0.53336659],[0.53889483 0.56295973 0.54348448],[0.47741575 0.59275764 0.5471361 ],[0.43419148 0.58865387 0.55092537]
[0.26841191 0.         0.60593825],[0.41583956 0.03713688 0.60707832],[0.52899949 0.19513662 0.58545826],[0.55354185 0.37367174 0.56114726],[0.53547819 0.51133747 0.53983553],[0.59893462 0.22827582 0.53460223],[0.66831746 0.49819464 0.48667041],[0.65835882 0.64979942 0.4638497 ],[0.6384648  0.75837946 0.45362713],[0.53219497 0.28218435 0.5115862 ],[0.61970993 0.55688776 0.47810167],[0.61319135 0.70501193 0.47060957],[0.59000481 0.80242572 0.46633582],[0.43986751 0.33639927 0.49089269],[0.4935627  0.59331018 0.46442652],[0.48967136 0.73357923 0.46292405],[0.47589182 0.81942932 0.46145036],[0.3333006  0.38659458 0.47078847],[0.34217458 0.5798058  0.45760738],[0.34826781 0.68725732 0.46164489],[0.35581588 0.7651825  0.4654253 ]
[0.22607971 0.         0.56408634],[0.39079561 0.06736702 0.5892147 ],[0.50304325 0.21175929 0.5808043 ],[0.53943734 0.36020429 0.56250773],[0.54156794 0.48974731 0.54411271],[0.56673491 0.26972172 0.55616831],[0.62865726 0.48773857 0.51587413],[0.643947   0.64566117 0.48815701],[0.63778842 0.75766692 0.47484948],[0.51675668 0.31827831 0.51974668],[0.59881397 0.55550647 0.48397419],[0.61064241 0.72160566 0.46321292],[0.60368516 0.84104501 0.45559528],[0.44153786 0.36020182 0.48584348],[0.50388955 0.58685863 0.46021876],[0.51197211 0.72512697 0.45495661],[0.51167763 0.82377933 0.4558679 ],[0.34757233 0.38680342 0.45400854],[0.38513256 0.55025235 0.44755695],[0.39416659 0.63717649 0.46363446],[0.3961017  0.70349925 0.47960952]
[0.22662282 0.         0.53291819],[0.40258176 0.08993633 0.58100748],[0.50527564 0.22994356 0.5846128 ],[0.54973276 0.353667   0.5739588 ],[0.55769203 0.46952362 0.56191295],[0.56749004 0.27894044 0.55792267],[0.62203336 0.47208255 0.52992459],[0.64482404 0.61539687 0.50594878],[0.6456521  0.72299004 0.49246775],[0.52222826 0.33561696 0.51290911],[0.59213657 0.55340731 0.49020442],[0.61464477 0.71008981 0.4695973 ],[0.61900476 0.82941674 0.45849398],[0.44705086 0.38547271 0.47219335],[0.50057723 0.59391476 0.45841236],[0.51296498 0.72802172 0.45414521],[0.51593024 0.83016604 0.45135414],[0.34674071 0.4139759  0.43513164],[0.36996282 0.55498581 0.44001573],[0.37063509 0.63423102 0.46039921],[0.36621916 0.69822081 0.47646953]
[0.63550199 0.         0.48170467],[0.51501692 0.10017432 0.43626799],[0.44072351 0.29541041 0.43716518],[0.40063673 0.44713905 0.44996512],[0.36603646 0.55431133 0.47116327],[0.60036372 0.42813227 0.46642694],[0.48713988 0.59608507 0.4697183 ],[0.40782496 0.63655239 0.46973497],[0.34871828 0.64645435 0.47113401],[0.64430254 0.44666339 0.4977526 ],[0.5306383  0.59286616 0.50270778],[0.45184169 0.62535138 0.49777801],[0.3887985  0.63614971 0.49481752],[0.65449892 0.44639603 0.52683077],[0.55388831 0.58140435 0.53385328],[0.48261043 0.61835095 0.53024852],[0.42551301 0.63517379 0.52691456],[0.64377193 0.43883875 0.55175827],[0.56759638 0.55651987 0.55837319],[0.50428173 0.60003634 0.56067948],[0.45029579 0.6179901  0.5650056 ]
[0.33003642 0.         0.60368369],[0.45941649 0.08019344 0.62582811],[0.54841162 0.22465222 0.61059764],[0.57946319 0.36756344 0.58902832],[0.57278167 0.48944592 0.56698912],[0.59911469 0.26988617 0.54401874],[0.64433009 0.51840242 0.49612966],[0.63412003 0.66631495 0.47464849],[0.61468142 0.77342495 0.46663595],[0.53120563 0.30146014 0.51010929],[0.58096762 0.56670309 0.47094345],[0.57914985 0.72454073 0.46126511],[0.57017949 0.83507391 0.4579379 ],[0.44523629 0.32736083 0.48074718],[0.4676794  0.57919326 0.45016612],[0.46597027 0.72866809 0.44934627],[0.46467491 0.82786345 0.45137657],[0.34786307 0.34423001 0.45438129],[0.34651694 0.53130964 0.4374196 ],[0.35346156 0.63538675 0.44495138],[0.36473935 0.7083266  0.45379612]
[0.57551835 0.         0.48406564],[0.57179364 0.12190308 0.39938285],[0.54038955 0.33296621 0.39357514],[0.48813884 0.51726048 0.40685214],[0.44053742 0.64339675 0.43105049],[0.6640978  0.45011003 0.45808923],[0.5654544  0.65887447 0.45076943],[0.4767949  0.70948363 0.44410279],[0.40380753 0.71565219 0.44438285],[0.62099965 0.42407836 0.51115114],[0.54224311 0.61504791 0.51477809],[0.47308954 0.66232295 0.50372638],[0.40947554 0.67579228 0.49518926],[0.56490898 0.38463543 0.55633169],[0.50231633 0.55335433 0.55582491],[0.45141247 0.59298992 0.54462839],[0.40579041 0.5956669  0.53667264],[0.50895643 0.34986379 0.59464155],[0.46773119 0.48056138 0.59240768],[0.43076642 0.50966678 0.59005765],[0.39577749 0.50637312 0.59232007]
[0.37058926 0.         0.56837249],[0.49165641 0.09507002 0.59665991],[0.55917992 0.2395489  0.59084236],[0.57672848 0.37057456 0.57761024],[0.5627856  0.47461635 0.56322114],[0.601158   0.29923875 0.53641522],[0.63948158 0.52121493 0.50347976],[0.63571959 0.65483882 0.48971798],[0.62063169 0.75207905 0.48565695],[0.53547332 0.33204879 0.50485585],[0.57015918 0.57280534 0.48239181],[0.56644107 0.7143339  0.4754365 ],[0.55479118 0.81308306 0.47187301],[0.45090669 0.35160878 0.47745167],[0.45510164 0.57945206 0.46121824],[0.45107583 0.71450747 0.45761698],[0.44921086 0.80529773 0.45475282],[0.35718584 0.35506306 0.45330042],[0.34551721 0.52621859 0.44451855],[0.34863815 0.62671438 0.44960483],[0.3575685  0.70168544 0.45500327]
[0.3476815 0.        0.509682 ],[0.4801114  0.12276796 0.55591884],[0.54115994 0.26945987 0.56250217],[0.55547746 0.39246758 0.55596978],[0.54421198 0.48967408 0.54789619],[0.57335905 0.31350109 0.54158749],[0.61795487 0.46833322 0.52959449],[0.63851956 0.57684682 0.51779742],[0.64360869 0.66002866 0.51077391],[0.52443255 0.36408759 0.50453637],[0.5655069  0.55085564 0.5022926 ],[0.58260323 0.67567792 0.49342759],[0.58385649 0.77221591 0.48622759],[0.45451405 0.39681356 0.47063923],[0.47221045 0.58909807 0.47022806],[0.47573384 0.71245318 0.46688978],[0.47295551 0.8046519  0.46196279],[0.36775044 0.40405175 0.4404371 ],[0.35931114 0.5536488  0.44679645],[0.35321949 0.65236266 0.45833911],[0.34582147 0.73100375 0.46650104]
[0.37845529 0.         0.46905095],[0.49942493 0.12421806 0.53127692],[0.54575091 0.268119   0.55206897],[0.54289823 0.37520178 0.55599844],[0.51716365 0.45576713 0.55672504],[0.57927508 0.32520237 0.53524242],[0.62466519 0.47817366 0.53577369],[0.63988029 0.57853463 0.53210991],[0.63743774 0.65093864 0.53096557],[0.53183671 0.38148852 0.49620336],[0.57133726 0.56914721 0.51098385],[0.58100002 0.68346986 0.50942105],[0.57434776 0.76545604 0.50698072],[0.46126317 0.41348249 0.46007295],[0.47788663 0.60653715 0.4741443 ],[0.47479938 0.71286682 0.47378387],[0.46633487 0.78896153 0.46956641],[0.37280029 0.41619607 0.42852579],[0.35306848 0.5544799  0.44477864],[0.34044512 0.64267128 0.45855562],[0.329929   0.70908787 0.46777153]
[0.40623136 0.         0.52994543],[0.51849181 0.10877999 0.57545913],[0.57186753 0.25666827 0.58329016],[0.58866866 0.37680839 0.58030417],[0.58313414 0.46983054 0.57675443],[0.60418444 0.32746329 0.53693753],[0.6508313  0.53021269 0.51455841],[0.63445979 0.64544946 0.50596678],[0.60334421 0.71462003 0.50534316],[0.54531371 0.37027859 0.49993515],[0.58693518 0.60084216 0.48974886],[0.57288231 0.72287131 0.48989849],[0.5478274  0.79725782 0.49323973],[0.46719617 0.38272802 0.46672832],[0.47047207 0.61107898 0.45876649],[0.44853502 0.71868515 0.46317239],[0.42635491 0.78770918 0.46622766],[0.36844494 0.36437046 0.43745985],[0.32425426 0.50445459 0.43177633],[0.29871972 0.57944376 0.44184474],[0.28185107 0.63044732 0.4526428 ]
[0.42026272 0.         0.57223499],[0.51614367 0.12389336 0.58560615],[0.56179699 0.27484886 0.57882544],[0.5534202  0.38659561 0.56592617],[0.5180106  0.45562596 0.55059892],[0.60025803 0.3458848  0.54964952],[0.65487827 0.52487684 0.51979147],[0.68091111 0.6423493  0.5020409 ],[0.69393558 0.73047766 0.49124178],[0.53531173 0.37165973 0.52034092],[0.56791123 0.58001811 0.49592959],[0.57692075 0.71127081 0.47895624],[0.57486405 0.80742245 0.46904103],[0.45297296 0.37109042 0.492822  ],[0.45152438 0.57573105 0.46609485],[0.44428856 0.70473444 0.4480999 ],[0.43682891 0.80360436 0.4374386 ],[0.36075819 0.3452994  0.46756429],[0.3177692  0.49014539 0.44187485],[0.29787095 0.58657625 0.43390533],[0.28336193 0.66789519 0.43201705]
[0.36450542 0.         0.60677781],[0.49128053 0.09543367 0.61351388],[0.5592379  0.24715545 0.60111992],[0.56196045 0.38860085 0.58687245],[0.52649454 0.47341112 0.57040219],[0.59184681 0.28550653 0.54020772],[0.67897255 0.49123867 0.49716932],[0.72032358 0.6129019  0.47996803],[0.74315247 0.70692089 0.4722932 ],[0.51351528 0.33213844 0.51490221],[0.59353625 0.5842676  0.47716396],[0.6288964  0.73197066 0.4605328 ],[0.64645292 0.84194229 0.45189029],[0.41084557 0.35512517 0.49392093],[0.44123839 0.60030474 0.45474992],[0.45427664 0.73621311 0.43632224],[0.46228485 0.83726194 0.42779522],[0.30357735 0.34908806 0.4765529 ],[0.2780461  0.51363604 0.4486852 ],[0.26805404 0.61366238 0.44406141],[0.26150197 0.7032205  0.44509841]
[0.23773883 0.         0.54402553],[0.4127779  0.04596029 0.5983069 ],[0.51684546 0.18752149 0.60792836],[0.55409082 0.33470538 0.60988324],[0.54131874 0.45669059 0.61376174],[0.56872814 0.23166104 0.51571006],[0.70020823 0.44467213 0.49164326],[0.70473185 0.55859948 0.49811998],[0.67809613 0.62112628 0.51222788],[0.49421298 0.32480108 0.48004196],[0.62846993 0.58487719 0.45997815],[0.65302221 0.73111372 0.46753662],[0.65173441 0.8209377  0.4790211 ],[0.39924782 0.3911217  0.45303709],[0.49019345 0.64573123 0.44155612],[0.50906159 0.781081   0.45131117],[0.5103588  0.86436439 0.46005855],[0.28772931 0.42829809 0.43263191],[0.31412614 0.60166879 0.44019069],[0.32187804 0.69485272 0.46234955],[0.32542922 0.75021572 0.48068014]
[0.15642781 0.         0.52286939],[0.42920123 0.02031757 0.55535355],[0.60541737 0.19251796 0.55203533],[0.66799307 0.39730423 0.54153715],[0.64097134 0.5426205  0.53900567],[0.67894205 0.32801638 0.4961301 ],[0.76179626 0.60178864 0.47880295],[0.68935298 0.56177943 0.4827663 ],[0.63175457 0.45726433 0.49316754],[0.55371872 0.4770119  0.46803898],[0.62105952 0.69128042 0.48398254],[0.56343269 0.62247822 0.50515482],[0.5202725  0.52124017 0.51371687],[0.41515544 0.58816457 0.4461163 ],[0.48533914 0.74089795 0.47018688],[0.44387296 0.66170612 0.50348201],[0.40506679 0.55911677 0.51498507],[0.28445141 0.65217859 0.42673614],[0.34240319 0.70286953 0.46210607],[0.31666263 0.6292463  0.50735915],[0.28670833 0.55220041 0.53646718]
[0.73342663 0.         0.54404541],[0.65665171 0.13420612 0.52466989],[0.5794713  0.31897718 0.50953714],[0.51060287 0.46291606 0.49500786],[0.44502006 0.55001988 0.48962284],[0.63108252 0.45082974 0.50290285],[0.49992521 0.66612981 0.4669144 ],[0.41943044 0.66054435 0.4504399 ],[0.3917944  0.60229458 0.44982793],[0.6252928 0.4485889 0.5060277],[0.48548684 0.66412879 0.48189602],[0.40887912 0.64853519 0.47289465],[0.38847021 0.59017951 0.47090053],[0.60035682 0.426906   0.5082735 ],[0.4758547  0.6257871  0.50046517],[0.41078633 0.61073064 0.50710846],[0.39490828 0.55839466 0.51334407],[0.56637047 0.3976873  0.50875248],[0.47073678 0.56040022 0.51758576],[0.41262697 0.57573584 0.53337948],[0.39282555 0.54700813 0.54640396]
[0.7009013  0.         0.39335818],[0.77638608 0.26465205 0.44160485],[0.73244633 0.48551487 0.48340526],[0.65238108 0.57150009 0.51409649],[0.59220355 0.566158   0.54749883],[0.54415653 0.57588565 0.49719365],[0.46443057 0.73662184 0.52267499],[0.5208311  0.67516473 0.5295585 ],[0.55784599 0.58640523 0.53521322],[0.45924838 0.50871396 0.48218313],[0.39747473 0.67786249 0.51351461],[0.45617452 0.63043991 0.51490408],[0.49832467 0.5517914  0.51370961],[0.40390725 0.42117448 0.46767167],[0.35741268 0.58063722 0.50124238],[0.41109849 0.54523796 0.50713542],[0.44940053 0.4775501  0.50523126],[0.37435576 0.32689242 0.45730994],[0.34262088 0.46618301 0.50046863],[0.38649674 0.45372295 0.52825166],[0.42190286 0.39789164 0.54377366]
[0.66197427 0.         0.47011054],[0.45828116 0.08586998 0.50236445],[0.36402446 0.27823447 0.5187749 ],[0.35660983 0.4638925  0.52905728],[0.39264668 0.56492454 0.53482923],[0.38739553 0.51156114 0.47341199],[0.34306747 0.73903266 0.48609306],[0.31344521 0.81564499 0.49314319],[0.29264164 0.84713589 0.49422213],[0.50825872 0.56292645 0.46389704],[0.46379189 0.64597368 0.4923637 ],[0.46181643 0.55673849 0.50662378],[0.47088804 0.46991806 0.50653798],[0.62167766 0.55273832 0.46118667],[0.56560766 0.58753518 0.50087621],[0.55770248 0.50809543 0.52254429],[0.57016293 0.42227604 0.51967753],[0.7247424  0.51629679 0.46048865],[0.66901817 0.52847303 0.4995197 ],[0.65335525 0.45924138 0.52607994],[0.66289211 0.38349098 0.53819773]
[0.59845778 0.         0.46212883],[0.41599569 0.1389872  0.50348979],[0.35204098 0.32979359 0.51981317],[0.35875304 0.51487856 0.52465205],[0.39281322 0.60736    0.52771818],[0.38369255 0.55621231 0.50321656],[0.36735361 0.70383423 0.50069816],[0.37446792 0.63719107 0.48571523],[0.38937106 0.54715631 0.47631494],[0.49052499 0.57690095 0.48415011],[0.48059561 0.67801227 0.51180086],[0.47732178 0.60576736 0.50760953],[0.48004408 0.52143892 0.49490232],[0.59145227 0.54130615 0.4689362 ],[0.57369023 0.61374387 0.50414713],[0.56331207 0.55474902 0.51309862],[0.56578293 0.47151397 0.50497571],[0.68370494 0.4782901  0.4567382 ],[0.66723424 0.5312589  0.49387085],[0.64701977 0.48190513 0.52077068],[0.64637123 0.40970011 0.53525286]
